Date,Close,Volume
02/01/2008,10880,18047200
03/01/2008,10920,19346500
04/01/2008,10780,17997350
07/01/2008,10380,39787200
08/01/2008,10320,24783700
09/01/2008,10500,23865450
10/01/2008,10320,31551350
11/01/2008,10320,23425150
14/01/2008,10500,22167000
15/01/2008,10640,40283950
16/01/2008,10600,49448100
17/01/2008,11200,42213900
18/01/2008,11340,35586400
21/01/2008,11280,25085050
22/01/2008,10720,43213650
23/01/2008,10800,36303850
24/01/2008,11120,27902000
25/01/2008,11220,26107500
28/01/2008,10780,27213200
29/01/2008,11160,21471250
30/01/2008,11420,35769400
31/01/2008,11900,46767100
01/02/2008,11720,28352100
04/02/2008,12240,46921550
05/02/2008,12260,23207550
11/02/2008,11680,28841250
12/02/2008,11460,18513050
13/02/2008,11480,21558700
14/02/2008,11860,28837050
15/02/2008,11720,20001000
18/02/2008,11540,18412450
19/02/2008,11740,16641000
20/02/2008,11560,18171450
21/02/2008,11880,21269600
22/02/2008,11640,15574600
25/02/2008,11620,15236300
26/02/2008,11420,12393550
27/02/2008,11560,13882800
28/02/2008,11600,14536100
29/02/2008,11200,22988800
03/03/2008,10980,22136800
04/03/2008,11040,16975550
05/03/2008,11240,21097000
06/03/2008,11240,18850600
07/03/2008,11000,20272750
10/03/2008,11080,17898000
11/03/2008,11100,31354900
12/03/2008,11200,24374050
13/03/2008,11000,30835150
14/03/2008,10940,22180950
17/03/2008,11000,40741250
18/03/2008,11360,42480400
19/03/2008,11820,35035300
20/03/2008,12120,32334250
21/03/2008,12140,21574750
24/03/2008,11980,10591650
25/03/2008,12200,21415850
26/03/2008,12240,15949800
27/03/2008,12100,20926650
28/03/2008,12260,25343000
31/03/2008,12460,29338650
01/04/2008,12720,33978600
02/04/2008,13220,38936050
03/04/2008,13240,21675750
04/04/2008,13000,17505650
07/04/2008,13000,18348000
08/04/2008,12920,17081100
10/04/2008,13120,33709550
11/04/2008,13600,39799750
14/04/2008,13560,21013800
15/04/2008,13160,19635700
16/04/2008,13020,25146850
17/04/2008,13220,20221950
18/04/2008,13300,25224400
21/04/2008,13480,21483300
22/04/2008,13500,18359750
23/04/2008,13060,25400650
24/04/2008,13220,25118900
25/04/2008,13800,50257700
28/04/2008,14320,38231450
29/04/2008,14200,21729700
30/04/2008,14220,31382450
01/05/2008,14220,0
02/05/2008,14620,50417500
05/05/2008,14620,0
06/05/2008,14900,38358100
07/05/2008,14820,22328750
08/05/2008,14560,34440750
09/05/2008,14180,29085550
12/05/2008,14180,0
13/05/2008,14700,30044650
14/05/2008,14760,20052950
15/05/2008,15280,27487700
16/05/2008,15200,30207500
19/05/2008,14560,31627250
20/05/2008,14260,45623100
21/05/2008,14360,23699200
22/05/2008,14260,18129850
23/05/2008,14140,14702850
26/05/2008,13580,42225400
27/05/2008,14040,18241350
28/05/2008,13840,20754200
29/05/2008,14600,24855000
30/05/2008,14820,24669600
02/06/2008,14520,19869800
03/06/2008,14080,20968200
04/06/2008,14260,14337000
05/06/2008,14180,18126850
06/06/2008,14180,0
09/06/2008,13720,30999100
10/06/2008,13320,28005300
11/06/2008,13620,23986150
12/06/2008,13260,45085450
13/06/2008,13480,26490150
16/06/2008,13820,16767250
17/06/2008,13760,18272550
18/06/2008,14080,15103800
19/06/2008,13500,25826000
20/06/2008,13360,21409450
23/06/2008,13160,20438500
24/06/2008,13180,15685550
25/06/2008,13100,22329450
26/06/2008,13300,19907250
27/06/2008,12860,25576850
30/06/2008,12500,28598600
01/07/2008,12720,33602250
02/07/2008,12600,24414150
03/07/2008,12660,29315200
04/07/2008,12320,22481600
07/07/2008,12280,26142050
08/07/2008,11860,27884250
09/07/2008,11500,29763900
10/07/2008,11200,53374150
11/07/2008,11360,32717400
14/07/2008,11340,20759300
15/07/2008,11060,27201450
16/07/2008,11220,25858800
17/07/2008,11680,32596450
18/07/2008,11640,15433200
21/07/2008,11980,25987750
22/07/2008,11800,19137950
23/07/2008,11740,28378200
24/07/2008,12280,34992900
25/07/2008,11520,50458700
28/07/2008,11200,43858300
29/07/2008,10880,29814350
30/07/2008,10960,26378350
31/07/2008,11280,26311200
01/08/2008,11300,13485850
04/08/2008,11300,17095750
05/08/2008,11340,24563900
06/08/2008,11740,21367600
07/08/2008,11560,23440450
08/08/2008,11460,24528350
11/08/2008,11700,21889000
12/08/2008,11900,31373400
13/08/2008,11740,19446100
14/08/2008,11600,19704750
15/08/2008,11600,0
18/08/2008,11580,16509050
19/08/2008,11280,17867300
20/08/2008,11200,22011050
21/08/2008,11060,17574550
22/08/2008,11140,15836500
25/08/2008,11200,14548350
26/08/2008,10800,32670800
27/08/2008,10600,34357750
28/08/2008,10420,27281050
29/08/2008,10320,36455950
01/09/2008,10120,35791900
02/09/2008,10340,34402450
03/09/2008,10540,25714350
04/09/2008,10280,27785550
05/09/2008,10440,43649450
08/09/2008,10860,38900200
09/09/2008,10720,22013050
10/09/2008,10840,36506850
11/09/2008,10740,47173400
12/09/2008,10860,30258700
15/09/2008,10860,0
16/09/2008,10500,41059050
17/09/2008,10500,29978550
18/09/2008,10340,27650
19/09/2008,11160,53205000
22/09/2008,11160,27502650
23/09/2008,11200,23125950
24/09/2008,11280,20463600
25/09/2008,11340,17974550
26/09/2008,11060,26314850
29/09/2008,10880,27731950
30/09/2008,10780,37898000
01/10/2008,10660,25788700
02/10/2008,10560,27381150
03/10/2008,10560,0
06/10/2008,10340,31577200
07/10/2008,10620,29567750
08/10/2008,10560,32639550
09/10/2008,10820,35793950
10/10/2008,10420,44160200
13/10/2008,10480,30486050
14/10/2008,11200,33052100
15/10/2008,10940,31447000
16/10/2008,10080,46931350
17/10/2008,10020,44541850
20/10/2008,10420,27564050
21/10/2008,10380,24505550
22/10/2008,10160,33829400
23/10/2008,9450,50023000
24/10/2008,8040,59626350
27/10/2008,8760,48100000
28/10/2008,9270,49703350
29/10/2008,9500,64873450
30/10/2008,10740,54704850
31/10/2008,10540,61573650
03/11/2008,10320,44058100
04/11/2008,10280,39167400
05/11/2008,10300,40923450
06/11/2008,9830,38703200
07/11/2008,9790,49487350
10/11/2008,9490,45419600
11/11/2008,9410,34532350
12/11/2008,9610,30403150
13/11/2008,9480,36855000
14/11/2008,9260,29588450
17/11/2008,9010,32580350
18/11/2008,8700,33973750
19/11/2008,8760,30987100
20/11/2008,8460,28092450
21/11/2008,8880,31568650
24/11/2008,8800,29133500
25/11/2008,9030,33102950
26/11/2008,9460,31013050
27/11/2008,9700,26557750
28/11/2008,9720,22543000
01/12/2008,9530,15856850
02/12/2008,9080,24170850
03/12/2008,8820,36099650
04/12/2008,8610,34990250
05/12/2008,8540,29513550
08/12/2008,9280,40352200
09/12/2008,9390,29640550
10/12/2008,9620,37277700
11/12/2008,9650,51925650
12/12/2008,9210,27922300
15/12/2008,9440,27906950
16/12/2008,9140,35224700
17/12/2008,9190,33886150
18/12/2008,9360,33352450
19/12/2008,9790,49042900
22/12/2008,9720,22930050
23/12/2008,9130,28528400
24/12/2008,9200,18946050
25/12/2008,9200,0
26/12/2008,9120,11553200
29/12/2008,9080,15942850
30/12/2008,9020,17938200
31/12/2008,9020,0
02/01/2009,9400,22978400
05/01/2009,9520,30460450
06/01/2009,9960,45072450
07/01/2009,10480,41286200
08/01/2009,10160,30614600
09/01/2009,9860,30113100
12/01/2009,9790,17708600
13/01/2009,9830,17577200
14/01/2009,9790,19297550
15/01/2009,9190,31394300
16/01/2009,9360,22261700
19/01/2009,9500,19136900
20/01/2009,9280,18496050
21/01/2009,8970,22203800
22/01/2009,9220,26209300
23/01/2009,8840,31581450
28/01/2009,9770,45906950
29/01/2009,9970,32818700
30/01/2009,9780,19334900
02/02/2009,9470,23574500
03/02/2009,9800,27380500
04/02/2009,10360,30703400
05/02/2009,10420,34791950
06/02/2009,10900,34801100
09/02/2009,10540,32619950
10/02/2009,10400,24848400
11/02/2009,10260,16267500
12/02/2009,10400,28021450
13/02/2009,10280,24071800
16/02/2009,10080,16386900
17/02/2009,9810,23694950
18/02/2009,9560,29060500
19/02/2009,9610,26458500
20/02/2009,9350,25958000
23/02/2009,9700,21327950
24/02/2009,9350,22671950
25/02/2009,9560,20927400
26/02/2009,9540,21950050
27/02/2009,9540,29510500
02/03/2009,9240,24741650
03/03/2009,9510,24954950
04/03/2009,9780,26067250
05/03/2009,10060,32982600
06/03/2009,10000,19412000
09/03/2009,10300,18225250
10/03/2009,10080,20458750
11/03/2009,10500,26584150
12/03/2009,10720,50741850
13/03/2009,10560,24128850
16/03/2009,10460,14711600
17/03/2009,10680,20205900
18/03/2009,10800,16913000
19/03/2009,10820,19517500
20/03/2009,10840,17561600
23/03/2009,11000,2420900
24/03/2009,11180,24804800
25/03/2009,11120,12749800
26/03/2009,11400,20870050
27/03/2009,11680,28539350
30/03/2009,11340,18359700
31/03/2009,11360,20010000
01/04/2009,11400,24952250
02/04/2009,11820,28688300
03/04/2009,11860,24722050
06/04/2009,11880,33315050
07/04/2009,11680,27388200
08/04/2009,11140,31449400
09/04/2009,11600,30887600
10/04/2009,12060,32713800
13/04/2009,11660,20707150
14/04/2009,11500,25554750
15/04/2009,11700,25775000
16/04/2009,11620,29263500
17/04/2009,11940,40656900
20/04/2009,11840,17605900
21/04/2009,11820,18312700
22/04/2009,12180,41166700
23/04/2009,12540,32402300
24/04/2009,11840,45867800
27/04/2009,11700,27196350
28/04/2009,11500,24129050
29/04/2009,11720,16499450
30/04/2009,11840,30656900
04/05/2009,11640,39634800
06/05/2009,11300,58004900
07/05/2009,11320,34475350
08/05/2009,11380,22852100
11/05/2009,11260,32233300
12/05/2009,11220,23892300
13/05/2009,11200,29321300
14/05/2009,11040,30779700
15/05/2009,11100,23443100
18/05/2009,11120,22413200
19/05/2009,11400,27926800
20/05/2009,11520,21177800
21/05/2009,11260,20055900
22/05/2009,11000,25598900
25/05/2009,10900,28436550
26/05/2009,10760,28037250
27/05/2009,10700,31046950
28/05/2009,11180,33025950
29/05/2009,11160,25342100
01/06/2009,11160,20849600
02/06/2009,11120,27876300
03/06/2009,11040,19282250
04/06/2009,11100,29484950
05/06/2009,11380,31006050
08/06/2009,11500,26815150
09/06/2009,11300,25031300
10/06/2009,11740,38127050
11/06/2009,11700,45518350
12/06/2009,11680,17554250
15/06/2009,11580,20025650
16/06/2009,11300,19584700
17/06/2009,11500,17547950
18/06/2009,11300,21151050
19/06/2009,11240,19741650
22/06/2009,11500,24495850
23/06/2009,11500,28982750
24/06/2009,11600,22931200
25/06/2009,11760,31776550
26/06/2009,11920,27645950
29/06/2009,11960,13490700
30/06/2009,11840,20185300
01/07/2009,12060,14641400
02/07/2009,12040,12677100
03/07/2009,12020,11348350
06/07/2009,12680,46675200
07/07/2009,13000,30934250
08/07/2009,13100,26589600
09/07/2009,13000,28213000
10/07/2009,12900,14290050
13/07/2009,12400,20495950
14/07/2009,12680,21014800
15/07/2009,13320,38068700
16/07/2009,13480,22349050
17/07/2009,13400,17033150
20/07/2009,13800,24285750
21/07/2009,13840,19997150
22/07/2009,13760,16247900
23/07/2009,13560,23171400
24/07/2009,13660,29495650
27/07/2009,13980,31756300
28/07/2009,14000,19430800
29/07/2009,13940,16666750
30/07/2009,14280,18120700
31/07/2009,14480,30379200
03/08/2009,14300,24572000
04/08/2009,14500,26531750
05/08/2009,14660,21336400
06/08/2009,14300,20482100
07/08/2009,14320,18601650
10/08/2009,14200,17483500
11/08/2009,14100,16843750
12/08/2009,13860,23187150
13/08/2009,14040,31342850
14/08/2009,14620,31875550
17/08/2009,14260,22640300
18/08/2009,14600,25444550
19/08/2009,14760,27582000
20/08/2009,14800,21000450
21/08/2009,15140,27583400
24/08/2009,15660,30714750
25/08/2009,15500,19044250
26/08/2009,15540,14562850
27/08/2009,15340,16354350
28/08/2009,15280,19551050
31/08/2009,15420,21531600
01/09/2009,15980,25367300
02/09/2009,15680,27898950
03/09/2009,15500,16052050
04/09/2009,15340,22808450
07/09/2009,15460,16972400
08/09/2009,15620,13640500
09/09/2009,15620,15959400
10/09/2009,15820,34739400
11/09/2009,15860,15467150
14/09/2009,15280,27969450
15/09/2009,15380,26013000
16/09/2009,15900,35553800
17/09/2009,16200,24735000
18/09/2009,16120,44801250
21/09/2009,15960,16830750
22/09/2009,16500,25779150
23/09/2009,16400,16566700
24/09/2009,16060,24304750
25/09/2009,15900,20494450
28/09/2009,15920,13905100
29/09/2009,16240,20419700
30/09/2009,16300,23985850
01/10/2009,15840,26930050
05/10/2009,14940,47146300
06/10/2009,14900,38409800
07/10/2009,14440,38221850
08/10/2009,14400,52971900
09/10/2009,15100,31334400
12/10/2009,14980,21586100
13/10/2009,15140,18348000
14/10/2009,15380,20841250
15/10/2009,15500,17809550
16/10/2009,14920,23712800
19/10/2009,15020,21675850
20/10/2009,15040,14165400
21/10/2009,14700,25319950
22/10/2009,14520,21589750
23/10/2009,14900,21616400
26/10/2009,15060,15657300
27/10/2009,14840,16264450
28/10/2009,14400,25568050
29/10/2009,14360,32193450
30/10/2009,14460,27823550
02/11/2009,14360,23125050
03/11/2009,14580,19636750
04/11/2009,14660,17170650
05/11/2009,14240,18633900
06/11/2009,14440,15201050
09/11/2009,14480,13426450
10/11/2009,14540,19617400
11/11/2009,14700,15973550
12/11/2009,14400,24682750
13/11/2009,14280,21560950
16/11/2009,14660,20057700
17/11/2009,14560,18009450
18/11/2009,15000,29638400
19/11/2009,15180,22743700
20/11/2009,15100,17162700
23/11/2009,15180,14378850
24/11/2009,14840,17703700
25/11/2009,14980,10610150
26/11/2009,14860,11798250
27/11/2009,14240,23077300
30/11/2009,14400,18751200
01/12/2009,14740,17255950
02/12/2009,14940,16733700
03/12/2009,15180,15982500
04/12/2009,15240,18336750
07/12/2009,15420,16446850
08/12/2009,15440,10088500
09/12/2009,15560,17773300
10/12/2009,15760,44528150
11/12/2009,15700,16265250
14/12/2009,15580,15496050
15/12/2009,15540,12269300
16/12/2009,15600,19952700
17/12/2009,15300,15858250
18/12/2009,15460,20295050
21/12/2009,15420,14575300
22/12/2009,15620,12264950
23/12/2009,15680,12490000
24/12/2009,15800,20309600
28/12/2009,15740,11758250
29/12/2009,15720,6840100
30/12/2009,15980,14736900
04/01/2010,16180,11950800
05/01/2010,16440,27925850
06/01/2010,16820,22948850
07/01/2010,16260,22107950
08/01/2010,16420,14777550
11/01/2010,15940,19896100
12/01/2010,16180,19218050
13/01/2010,15940,13375300
14/01/2010,16540,26551550
15/01/2010,16840,19905600
18/01/2010,16860,13060400
19/01/2010,16460,12041250
20/01/2010,16680,19200850
21/01/2010,17000,16990100
22/01/2010,16500,23460500
25/01/2010,16840,20578400
26/01/2010,16300,18722300
27/01/2010,16000,18516150
28/01/2010,16160,13795800
29/01/2010,15680,22854100
01/02/2010,15540,25037200
02/02/2010,15440,19677150
03/02/2010,15540,16467700
04/02/2010,15520,11971700
05/02/2010,15000,25705750
08/02/2010,14960,21891500
09/02/2010,15220,16834200
10/02/2010,15100,13174200
11/02/2010,15260,13208300
12/02/2010,15000,22879300
16/02/2010,15120,7723550
17/02/2010,15580,13997150
18/02/2010,15500,7251900
19/02/2010,15200,11094000
22/02/2010,15460,11580550
23/02/2010,15340,12568850
24/02/2010,15040,15052500
25/02/2010,14720,19273900
26/02/2010,14880,15576350
02/03/2010,15400,23494700
03/03/2010,15420,9713550
04/03/2010,15220,10205050
05/03/2010,15500,11754700
08/03/2010,15720,19563300
09/03/2010,15720,12211750
10/03/2010,15680,11367600
11/03/2010,15560,19631000
12/03/2010,15560,9997950
15/03/2010,15360,11156550
16/03/2010,15300,16548150
17/03/2010,15960,21840650
18/03/2010,15940,15393500
19/03/2010,16080,10711200
22/03/2010,16020,9191800
23/03/2010,16180,9923300
24/03/2010,16380,15926950
25/03/2010,16380,9481650
26/03/2010,16400,10481650
29/03/2010,16360,7756350
30/03/2010,16280,12042400
31/03/2010,16360,21699800
01/04/2010,16900,28068050
02/04/2010,17140,20907050
05/04/2010,17400,15201700
06/04/2010,17380,16494250
07/04/2010,17180,19418550
08/04/2010,17260,13447700
09/04/2010,17120,13757650
12/04/2010,16600,24897000
13/04/2010,16560,20446350
14/04/2010,16900,15369350
15/04/2010,17100,18248400
16/04/2010,16960,11003100
19/04/2010,16540,12357100
20/04/2010,16560,13571500
21/04/2010,17040,13200200
22/04/2010,16820,17161750
23/04/2010,16600,15442000
26/04/2010,16680,13009350
27/04/2010,16700,13040500
28/04/2010,16500,16007500
29/04/2010,16500,11337150
30/04/2010,16980,22710850
03/05/2010,16580,14553900
04/05/2010,16680,9138450
06/05/2010,16280,22570150
07/05/2010,15880,37887000
10/05/2010,16060,16435550
11/05/2010,15820,22498000
12/05/2010,15780,15759500
13/05/2010,16260,15900650
14/05/2010,16200,14674300
17/05/2010,15680,26460950
18/05/2010,15840,18143800
19/05/2010,15460,17987050
20/05/2010,15120,19772500
24/05/2010,15160,17704300
25/05/2010,14820,25489550
26/05/2010,15000,22943950
27/05/2010,15440,22173500
28/05/2010,15560,22448950
31/05/2010,15520,12774650
01/06/2010,15360,11382350
03/06/2010,15540,14649400
04/06/2010,15860,12598850
07/06/2010,15740,15161550
08/06/2010,15700,14499800
09/06/2010,15400,17914950
10/06/2010,15460,17769350
11/06/2010,15940,18283050
14/06/2010,16140,12094650
15/06/2010,15960,9528550
16/06/2010,16380,18823500
17/06/2010,16340,11648800
18/06/2010,16440,9579500
21/06/2010,16600,14230700
22/06/2010,16320,14794100
23/06/2010,16100,17489950
24/06/2010,16400,14152200
25/06/2010,16100,16982600
28/06/2010,15920,13026700
29/06/2010,15840,12560000
30/06/2010,15480,26708450
01/07/2010,15320,22206400
02/07/2010,15340,11641100
05/07/2010,15340,9995600
06/07/2010,15500,17879550
07/07/2010,15380,16180150
08/07/2010,15500,14752850
09/07/2010,15920,18605950
12/07/2010,16040,12597450
13/07/2010,15920,15339650
14/07/2010,16480,33184600
15/07/2010,16400,16063950
16/07/2010,16040,16933400
19/07/2010,15900,14586800
20/07/2010,15960,11578400
21/07/2010,16340,16558800
22/07/2010,16160,15439550
23/07/2010,16220,14112800
26/07/2010,16360,10617450
27/07/2010,16580,19088350
28/07/2010,16740,23248200
29/07/2010,16540,14865300
30/07/2010,16200,16399000
02/08/2010,16200,12455050
03/08/2010,16300,13105950
04/08/2010,16120,10616650
05/08/2010,16080,14028550
06/08/2010,16020,12296750
09/08/2010,16040,9138150
10/08/2010,15860,14060850
11/08/2010,15580,17957900
12/08/2010,15320,21360650
13/08/2010,15620,14274900
16/08/2010,15640,10280000
17/08/2010,15640,14476450
18/08/2010,15560,11715900
19/08/2010,15780,12179900
20/08/2010,15680,12330600
23/08/2010,15800,9081550
24/08/2010,15660,11365400
25/08/2010,15440,9263250
26/08/2010,15460,10440100
27/08/2010,15320,12748200
30/08/2010,15520,6984450
31/08/2010,15120,22051950
01/09/2010,15040,19451700
02/09/2010,15180,18271500
03/09/2010,15220,22082500
06/09/2010,15600,19708650
07/09/2010,15760,16036000
08/09/2010,15420,10954600
09/09/2010,15120,30825400
10/09/2010,15320,13989000
13/09/2010,15400,11741050
14/09/2010,15200,18559950
15/09/2010,15140,19441850
16/09/2010,15140,11734100
17/09/2010,15460,22369300
20/09/2010,15600,14807550
24/09/2010,15240,32766800
27/09/2010,15100,25107150
28/09/2010,14900,23315700
29/09/2010,15440,35348050
30/09/2010,15540,16855500
01/10/2010,15540,14805750
04/10/2010,15600,12835350
05/10/2010,15460,14300150
06/10/2010,15860,23555150
07/10/2010,15400,25542150
08/10/2010,15160,27125750
11/10/2010,15060,18784450
12/10/2010,14920,18391350
13/10/2010,14880,20414700
14/10/2010,15000,26710000
15/10/2010,15080,24686150
18/10/2010,15020,13804400
19/10/2010,14820,19450000
20/10/2010,14900,18474100
21/10/2010,15300,28370400
22/10/2010,15540,20425550
25/10/2010,15420,12353450
26/10/2010,15260,15629050
27/10/2010,15060,16732750
28/10/2010,15280,14631600
29/10/2010,14900,23060950
01/11/2010,14940,14837800
02/11/2010,14800,16536700
03/11/2010,14800,17874950
04/11/2010,15260,27312500
05/11/2010,15520,35165050
08/11/2010,15560,13961400
09/11/2010,15480,12801650
10/11/2010,15800,21088000
11/11/2010,15340,44525300
12/11/2010,15560,28325650
15/11/2010,16160,35892450
16/11/2010,16220,29475050
17/11/2010,15900,17123100
18/11/2010,15980,13296000
19/11/2010,16360,19355150
22/11/2010,16960,36057400
23/11/2010,16800,18280200
24/11/2010,17020,31792000
25/11/2010,16900,18359500
26/11/2010,16740,15679300
29/11/2010,16720,15401050
30/11/2010,16520,21205500
01/12/2010,16400,18777150
02/12/2010,17180,30608400
03/12/2010,17880,39373850
06/12/2010,17800,16837550
07/12/2010,18020,24906050
08/12/2010,17760,16803250
09/12/2010,18340,29422050
10/12/2010,18380,12757050
13/12/2010,18600,15359300
14/12/2010,18580,22126100
15/12/2010,18320,16449400
16/12/2010,18220,11684200
17/12/2010,18520,17297200
20/12/2010,18640,16911750
21/12/2010,18720,12599300
22/12/2010,18780,16626800
23/12/2010,18720,10985500
24/12/2010,18500,8471650
27/12/2010,18440,10524200
28/12/2010,18760,15650700
29/12/2010,18900,11918900
30/12/2010,18980,9181500
03/01/2011,19160,13241050
04/01/2011,19160,13713100
05/01/2011,18840,16787500
06/01/2011,18600,19360400
07/01/2011,18420,23139800
10/01/2011,18340,18326750
11/01/2011,18260,19550800
12/01/2011,18600,20555800
13/01/2011,18440,28239850
14/01/2011,18660,15382350
17/01/2011,18980,20582100
18/01/2011,19380,29631350
19/01/2011,19940,33343200
20/01/2011,19640,15244400
21/01/2011,19420,16666400
24/01/2011,19420,13609350
25/01/2011,19500,13970550
26/01/2011,19960,13352500
27/01/2011,19880,15367000
28/01/2011,20200,19118950
31/01/2011,19620,21411900
01/02/2011,19660,13468450
07/02/2011,19440,24252200
08/02/2011,19220,30483500
09/02/2011,19200,20984650
10/02/2011,18720,30669300
11/02/2011,18300,26489900
14/02/2011,19060,19565800
15/02/2011,19160,18105800
16/02/2011,18900,15182650
17/02/2011,19080,14348550
18/02/2011,19200,10253850
21/02/2011,18960,13750850
22/02/2011,18760,12181550
23/02/2011,18600,17193000
24/02/2011,18580,18110900
25/02/2011,18520,15181200
28/02/2011,18460,16274800
02/03/2011,18360,16134300
03/03/2011,18460,18074200
04/03/2011,18900,18569150
07/03/2011,18120,31883600
08/03/2011,17980,24905400
09/03/2011,17800,26296300
10/03/2011,17320,41630200
11/03/2011,17240,26884000
14/03/2011,18000,33325000
15/03/2011,17200,36313200
16/03/2011,17720,39939050
17/03/2011,17800,22505200
18/03/2011,17820,19166050
21/03/2011,17800,14473500
22/03/2011,17500,21810300
23/03/2011,17460,25229000
24/03/2011,17600,15392550
25/03/2011,18200,31078100
28/03/2011,18320,15890200
29/03/2011,18320,17204100
30/03/2011,18520,20685150
31/03/2011,18640,26376550
01/04/2011,18800,22471700
04/04/2011,18900,16716750
05/04/2011,18900,11922000
06/04/2011,18460,27471850
07/04/2011,18180,21781250
08/04/2011,17960,25983450
11/04/2011,17880,20582800
12/04/2011,17640,15766950
13/04/2011,18020,16627750
14/04/2011,18000,25265700
15/04/2011,17760,22274750
18/04/2011,17340,27418700
19/04/2011,17500,23078650
20/04/2011,18320,32044250
21/04/2011,18560,27071850
22/04/2011,18080,18825450
25/04/2011,17780,14338950
26/04/2011,17940,19174650
27/04/2011,18480,26379400
28/04/2011,18000,20803400
29/04/2011,17860,21415000
02/05/2011,18640,32544850
03/05/2011,18760,25366500
04/05/2011,18300,25769850
06/05/2011,17980,23637450
09/05/2011,17820,13543350
11/05/2011,17840,22363750
12/05/2011,17700,27616100
13/05/2011,18320,33438000
16/05/2011,18020,16123700
17/05/2011,17800,11549950
18/05/2011,17860,16579300
19/05/2011,17600,19345200
20/05/2011,17640,11069950
23/05/2011,17460,14056000
24/05/2011,17300,14488500
25/05/2011,17120,16018050
26/05/2011,17580,13968500
27/05/2011,17820,21477600
30/05/2011,17680,10293600
31/05/2011,18040,23887550
01/06/2011,18220,15678500
02/06/2011,17660,16582950
03/06/2011,17700,10067100
07/06/2011,17740,15110100
08/06/2011,17540,12938850
09/06/2011,17300,21511200
10/06/2011,17020,19586600
13/06/2011,17060,15062450
14/06/2011,17260,10642700
15/06/2011,17300,13283100
16/06/2011,16960,11940550
17/06/2011,16380,36058100
20/06/2011,16000,23580500
21/06/2011,16280,18844400
22/06/2011,16520,16530400
23/06/2011,16620,13858400
24/06/2011,17040,23453150
27/06/2011,16700,15207250
28/06/2011,16640,11950100
29/06/2011,16660,10348200
30/06/2011,16520,16408950
01/07/2011,17100,22133050
04/07/2011,17560,21439450
05/07/2011,17980,21107200
06/07/2011,17960,11215100
07/07/2011,17600,17861200
08/07/2011,17700,12070450
11/07/2011,17300,15974500
12/07/2011,17000,12397200
13/07/2011,16860,16430600
14/07/2011,16620,20363350
15/07/2011,16640,13621800
18/07/2011,16260,18189050
19/07/2011,16440,14537100
20/07/2011,17020,21079150
21/07/2011,16840,10343550
22/07/2011,17000,12179600
25/07/2011,16940,9496800
26/07/2011,17000,11259900
27/07/2011,16900,10079450
28/07/2011,16740,13623150
29/07/2011,16880,15089150
01/08/2011,17400,19432400
02/08/2011,17040,13486550
03/08/2011,16660,20417200
04/08/2011,16420,17307750
05/08/2011,15780,30392500
08/08/2011,15200,30296350
09/08/2011,14480,49299200
10/08/2011,14400,49244500
11/08/2011,14160,39580150
12/08/2011,14140,33844600
16/08/2011,15000,30042550
17/08/2011,15040,14649850
18/08/2011,14180,35336000
19/08/2011,13600,28970600
22/08/2011,13820,20900650
23/08/2011,14460,24617300
24/08/2011,14160,18508650
25/08/2011,14500,19039800
26/08/2011,14520,10612300
29/08/2011,14660,13001850
30/08/2011,14840,12629600
31/08/2011,14880,14495500
01/09/2011,15420,35833750
02/09/2011,15380,12915400
05/09/2011,14620,13853900
06/09/2011,14540,13213350
07/09/2011,15460,17512500
08/09/2011,15960,28730500
09/09/2011,15600,18082650
14/09/2011,15060,27540950
15/09/2011,15420,21318350
16/09/2011,15960,23811100
19/09/2011,16160,12327650
20/09/2011,16220,13997500
21/09/2011,16260,17063100
22/09/2011,15800,15331100
23/09/2011,15160,21822900
26/09/2011,15500,24018800
27/09/2011,16080,16526300
28/09/2011,16140,24316950
29/09/2011,16740,27675450
30/09/2011,16800,25780600
04/10/2011,16560,32895000
05/10/2011,16840,32102800
06/10/2011,17100,29969000
07/10/2011,17200,26509200
10/10/2011,17480,17246250
11/10/2011,17620,22915500
12/10/2011,17960,21528500
13/10/2011,17800,16266150
14/10/2011,17720,10850500
17/10/2011,17800,10675550
18/10/2011,17660,13844300
19/10/2011,17720,10704100
20/10/2011,18140,28436600
21/10/2011,18340,23307000
24/10/2011,18820,18769250
25/10/2011,18900,18208000
26/10/2011,18680,12504750
27/10/2011,18480,17443050
28/10/2011,18900,26884350
31/10/2011,19360,23792400
01/11/2011,19800,30983650
02/11/2011,19420,28454600
03/11/2011,19340,16408700
04/11/2011,20100,26704800
07/11/2011,19860,14018050
08/11/2011,19400,17069900
09/11/2011,19700,19304250
10/11/2011,18700,31006050
11/11/2011,19660,24246750
14/11/2011,19920,14136050
15/11/2011,19920,11737100
16/11/2011,19500,16934350
17/11/2011,19600,12943350
18/11/2011,19260,16310300
21/11/2011,19000,12791900
22/11/2011,19260,12040600
23/11/2011,18700,15335700
24/11/2011,18860,13680750
25/11/2011,18940,11689400
28/11/2011,19560,15724000
29/11/2011,20100,27588450
30/11/2011,20080,19579400
01/12/2011,21480,34717150
02/12/2011,21000,21917950
05/12/2011,21320,14848100
06/12/2011,20880,14528550
07/12/2011,21120,19746900
08/12/2011,21280,25893000
09/12/2011,21060,13804200
12/12/2011,21680,12163550
13/12/2011,21000,13210000
14/12/2011,20800,21064350
15/12/2011,20300,16963000
16/12/2011,20900,12263200
19/12/2011,20140,20485300
20/12/2011,20240,13750300
21/12/2011,21140,20402950
22/12/2011,21040,10634550
23/12/2011,21360,12299050
26/12/2011,21320,6216250
27/12/2011,21460,11133650
28/12/2011,21220,11023850
29/12/2011,21160,10923900
02/01/2012,21600,13151350
03/01/2012,22100,16927750
04/01/2012,21600,17103700
05/01/2012,21100,17298400
06/01/2012,20800,18816250
09/01/2012,20320,19283000
10/01/2012,20520,20414800
11/01/2012,20420,19110150
12/01/2012,20560,18511000
13/01/2012,20920,14630750
16/01/2012,20600,11614950
17/01/2012,20720,17084400
18/01/2012,20600,15359650
19/01/2012,21440,22385800
20/01/2012,22100,25550800
25/01/2012,22280,22751300
26/01/2012,22260,17655150
27/01/2012,22500,12741200
30/01/2012,22300,16354450
31/01/2012,22140,21731350
01/02/2012,21580,22849650
02/02/2012,21600,22402650
03/02/2012,21320,17801400
06/02/2012,21480,15837500
07/02/2012,21860,11921950
08/02/2012,21840,11809400
09/02/2012,21680,24005850
10/02/2012,21240,18579100
13/02/2012,21660,16017250
14/02/2012,21600,12317400
15/02/2012,22700,28522350
16/02/2012,22700,15411800
17/02/2012,23520,17308450
20/02/2012,23500,14814150
21/02/2012,23600,10808250
22/02/2012,23940,11779250
23/02/2012,23200,23259200
24/02/2012,23600,14240300
27/02/2012,23420,8273300
28/02/2012,23700,16648100
29/02/2012,24120,17278300
02/03/2012,23640,18023700
05/03/2012,23480,11175250
06/03/2012,23600,10572850
07/03/2012,23440,11521550
08/03/2012,23600,20270400
09/03/2012,24600,18228800
12/03/2012,24200,11826950
13/03/2012,24420,11985550
14/03/2012,25000,18279650
15/03/2012,25000,14038800
16/03/2012,24760,18070200
19/03/2012,25200,11881850
20/03/2012,25340,11935500
21/03/2012,24840,12913550
22/03/2012,25160,12675450
23/03/2012,25220,10818600
26/03/2012,25500,9237800
27/03/2012,26220,14186350
28/03/2012,26040,9914550
29/03/2012,25600,11670000
30/03/2012,25500,15281700
02/04/2012,25980,12582950
03/04/2012,26700,16507900
04/04/2012,26400,14599350
05/04/2012,26600,12921350
06/04/2012,26640,10289650
09/04/2012,26340,8572600
10/04/2012,26220,11176100
12/04/2012,25460,25240650
13/04/2012,25360,35409200
16/04/2012,25180,15222400
17/04/2012,24980,14552300
18/04/2012,25860,17253750
19/04/2012,26140,13156400
20/04/2012,25640,9900550
23/04/2012,25580,8388400
24/04/2012,25660,13238350
25/04/2012,26100,13821600
26/04/2012,26800,16479500
27/04/2012,27480,15905350
30/04/2012,27800,15757100
02/05/2012,28200,18420750
03/05/2012,28020,10327050
04/05/2012,27200,20484300
07/05/2012,26840,18908450
08/05/2012,26820,12048600
09/05/2012,26620,12661700
10/05/2012,26540,13145000
11/05/2012,26060,13626400
14/05/2012,26280,15092100
15/05/2012,26220,15558100
16/05/2012,24600,38488900
17/05/2012,24460,33041100
18/05/2012,23320,30023750
21/05/2012,24180,23702750
22/05/2012,24800,23830550
23/05/2012,24420,16157100
24/05/2012,24500,15251250
25/05/2012,24500,10164250
29/05/2012,24760,10815350
30/05/2012,24520,12653250
31/05/2012,24220,22106900
01/06/2012,24660,13554450
04/06/2012,23920,18068750
05/06/2012,24060,12848900
07/06/2012,25300,20928350
08/06/2012,24940,9956350
11/06/2012,25360,9906200
12/06/2012,25100,8805200
13/06/2012,25420,9572600
14/06/2012,25220,21995050
15/06/2012,24340,30404200
18/06/2012,24860,17608150
19/06/2012,24880,14839400
20/06/2012,25040,13237700
21/06/2012,24540,12753750
22/06/2012,23640,31294350
25/06/2012,22640,41318100
26/06/2012,22780,25283500
27/06/2012,23340,23542000
28/06/2012,23360,10398350
29/06/2012,24020,18604450
02/07/2012,23480,19106750
03/07/2012,23500,15801550
04/07/2012,23820,19158750
05/07/2012,23700,9068550
06/07/2012,23220,21158900
09/07/2012,22520,21282300
10/07/2012,22540,17720700
11/07/2012,22360,18001300
12/07/2012,21820,24858600
13/07/2012,22780,27070750
16/07/2012,23040,15261950
17/07/2012,23360,15885300
18/07/2012,23080,14618050
19/07/2012,23900,24847100
20/07/2012,23820,11992100
23/07/2012,23240,12844350
24/07/2012,23400,14598050
25/07/2012,23160,13609850
26/07/2012,23440,13654750
27/07/2012,24660,26686200
30/07/2012,25500,19113350
31/07/2012,26180,33735650
01/08/2012,26000,19039100
02/08/2012,25260,15951250
03/08/2012,24860,15582650
06/08/2012,25960,12289150
07/08/2012,25880,10258400
08/08/2012,26400,19459150
09/08/2012,26800,30612650
10/08/2012,26960,14733250
13/08/2012,26500,9891050
14/08/2012,26900,14396850
16/08/2012,26900,14824150
17/08/2012,25900,27642800
20/08/2012,25660,19944800
21/08/2012,25640,15315200
22/08/2012,25280,16031200
23/08/2012,25740,13857750
24/08/2012,25500,14077200
27/08/2012,23600,63803450
28/08/2012,23900,27767400
29/08/2012,24600,23415550
30/08/2012,24300,16211400
31/08/2012,24660,20301300
03/09/2012,24360,13903800
04/09/2012,24360,9916550
05/09/2012,23780,17381950
06/09/2012,23920,12373750
07/09/2012,25000,25512400
10/09/2012,25000,15883700
11/09/2012,25120,9890800
12/09/2012,25880,18473250
13/09/2012,26020,19489950
14/09/2012,26720,24872500
17/09/2012,26300,14896000
18/09/2012,26300,11232300
19/09/2012,26280,12114550
20/09/2012,25740,14199800
21/09/2012,26040,14913400
24/09/2012,26540,13195450
25/09/2012,26540,11348000
26/09/2012,26500,12054550
27/09/2012,26760,14541600
28/09/2012,26920,17906350
02/10/2012,27380,13376250
04/10/2012,27340,19127200
05/10/2012,27400,17828800
08/10/2012,27460,12037600
09/10/2012,27440,8788650
10/10/2012,26500,12976700
11/10/2012,26080,23779850
12/10/2012,25920,14977250
15/10/2012,26000,10334000
16/10/2012,26600,10671300
17/10/2012,26720,8984550
18/10/2012,26740,10498450
19/10/2012,26040,13969950
22/10/2012,26300,11741150
23/10/2012,26260,9253550
24/10/2012,26000,13454500
25/10/2012,26440,11881100
26/10/2012,25740,13793850
29/10/2012,25980,11448050
30/10/2012,25960,6643850
31/10/2012,26200,10604850
01/11/2012,25940,10455600
02/11/2012,26540,18521400
05/11/2012,26820,13062050
06/11/2012,26980,8981800
07/11/2012,27240,9676400
08/11/2012,27000,15326600
09/11/2012,26820,14550300
12/11/2012,26900,6959250
13/11/2012,26980,7325850
14/11/2012,27100,10436000
15/11/2012,26620,9959100
16/11/2012,26140,12172550
19/11/2012,26640,10137500
20/11/2012,27280,13420300
21/11/2012,27680,17780400
22/11/2012,28340,14930950
23/11/2012,28740,12322050
26/11/2012,28080,13749850
27/11/2012,28320,11836200
28/11/2012,28260,14055800
29/11/2012,28280,13073300
30/11/2012,28120,16427600
03/12/2012,28600,10220850
04/12/2012,28600,9504900
05/12/2012,29100,12436400
06/12/2012,29080,14248700
07/12/2012,29600,15882450
10/12/2012,29820,13056100
11/12/2012,29520,12657350
12/12/2012,29800,15244450
13/12/2012,30660,30680500
14/12/2012,30300,13905250
17/12/2012,30060,15511100
18/12/2012,30300,13538450
20/12/2012,30060,20128500
21/12/2012,28840,27576200
24/12/2012,29480,14488550
26/12/2012,29400,14038700
27/12/2012,29920,9143900
28/12/2012,30440,10562750
02/01/2013,31520,11449650
03/01/2013,30860,14227400
04/01/2013,30500,12999800
07/01/2013,30400,12610950
08/01/2013,30000,13822250
09/01/2013,30000,12659950
10/01/2013,30600,14663600
11/01/2013,30660,11913550
14/01/2013,31040,7999950
15/01/2013,30240,10727150
16/01/2013,29840,16221000
17/01/2013,29380,20236700
18/01/2013,29600,12516600
21/01/2013,29080,14519650
22/01/2013,29600,11947400
23/01/2013,29460,9293550
24/01/2013,29060,15999050
25/01/2013,28340,21795250
28/01/2013,27440,30852150
29/01/2013,28180,21616550
30/01/2013,28800,16170100
31/01/2013,28960,16052800
01/02/2013,28820,11576200
04/02/2013,28740,12861900
05/02/2013,28700,11388100
06/02/2013,28540,6897150
07/02/2013,28400,9721100
08/02/2013,29240,13423850
12/02/2013,29360,8419750
13/02/2013,29740,9209050
14/02/2013,29800,7534100
15/02/2013,29960,7599950
18/02/2013,29800,7109950
19/02/2013,29840,6132250
20/02/2013,30900,18039350
21/02/2013,31000,13123650
22/02/2013,30600,13852650
25/02/2013,30600,8897550
26/02/2013,30540,9244750
27/02/2013,30540,8938200
28/02/2013,30880,12784200
04/03/2013,30780,13276850
05/03/2013,31000,9294600
06/03/2013,31200,10148650
07/03/2013,30400,13482700
08/03/2013,29980,18941000
11/03/2013,30160,13748250
12/03/2013,29880,8746550
13/03/2013,30540,11303550
14/03/2013,30400,12557800
15/03/2013,29600,36618350
18/03/2013,28900,26439550
19/03/2013,29500,13977100
20/03/2013,29200,13515750
21/03/2013,29140,11768550
22/03/2013,29100,10687100
25/03/2013,29900,10272050
26/03/2013,30180,16830000
27/03/2013,30080,12881400
28/03/2013,30200,7989600
29/03/2013,30540,9533700
01/04/2013,30240,5295500
02/04/2013,30500,8574850
03/04/2013,30420,10882700
04/04/2013,30120,10700450
05/04/2013,30100,14977350
08/04/2013,30400,12959500
09/04/2013,30560,9244000
10/04/2013,30420,11779700
11/04/2013,30800,11291500
12/04/2013,30340,10744050
15/04/2013,30460,10767300
16/04/2013,30560,18551850
17/04/2013,30360,10491100
18/04/2013,29660,13358400
19/04/2013,29500,15704000
22/04/2013,30060,9335850
23/04/2013,29660,8864850
24/04/2013,29720,10086550
25/04/2013,29880,10463900
26/04/2013,29720,11651600
29/04/2013,29620,8500150
30/04/2013,30400,18705000
02/05/2013,30560,10048950
03/05/2013,30700,6559050
06/05/2013,30280,8654300
07/05/2013,29860,11434500
08/05/2013,29760,14921950
09/05/2013,30300,10806150
10/05/2013,29520,11794850
13/05/2013,29540,8750100
14/05/2013,30000,9002650
15/05/2013,30000,10594800
16/05/2013,30160,14657550
20/05/2013,29940,12288850
21/05/2013,29840,11600400
22/05/2013,30180,9923100
23/05/2013,29680,11994150
24/05/2013,29720,10190600
27/05/2013,29780,6146400
28/05/2013,29680,11588050
29/05/2013,30240,14760550
30/05/2013,30880,22778000
31/05/2013,30760,18025050
03/06/2013,30640,10309450
04/06/2013,30800,8496600
05/06/2013,30420,13590650
07/06/2013,28540,54290800
10/06/2013,28500,26677700
11/06/2013,27780,34613000
12/06/2013,27700,22887650
13/06/2013,27140,33509850
14/06/2013,27380,17558350
17/06/2013,27320,11758450
18/06/2013,27740,11043050
19/06/2013,27380,10270250
20/06/2013,26580,17817950
21/06/2013,26500,27677800
24/06/2013,26260,15847900
25/06/2013,25940,20774950
26/06/2013,25220,31751200
27/06/2013,26780,25756150
28/06/2013,26840,20961250
01/07/2013,26520,12825950
02/07/2013,26700,10214450
03/07/2013,26020,12822050
04/07/2013,26340,9042650
05/07/2013,25340,30382800
08/07/2013,24520,26480150
09/07/2013,24740,19694950
10/07/2013,24960,17305650
11/07/2013,26240,20788350
12/07/2013,26240,11391300
15/07/2013,26260,9629600
16/07/2013,25960,9300950
17/07/2013,26400,12302300
18/07/2013,25840,15704200
19/07/2013,25460,16271300
22/07/2013,25460,10351150
23/07/2013,26140,11948900
24/07/2013,26300,8772650
25/07/2013,26300,8495650
26/07/2013,26060,13619550
29/07/2013,25660,11821850
30/07/2013,25800,9425350
31/07/2013,25600,12735500
01/08/2013,25600,9058900
02/08/2013,25720,11241350
05/08/2013,25480,8079850
06/08/2013,25080,14493700
07/08/2013,24440,15778100
08/08/2013,24340,17910800
09/08/2013,24600,12080200
12/08/2013,24640,10140600
13/08/2013,25800,20929450
14/08/2013,26000,13005100
16/08/2013,25900,11416600
19/08/2013,25720,6499850
20/08/2013,25380,14230950
21/08/2013,25120,12346050
22/08/2013,25100,11984850
23/08/2013,25900,17203400
26/08/2013,26000,11519650
27/08/2013,26080,9130800
28/08/2013,26180,9492550
29/08/2013,26880,16315000
30/08/2013,27360,17135800
02/09/2013,27020,10081600
03/09/2013,26740,11798500
04/09/2013,26800,10920050
05/09/2013,27300,15100100
06/09/2013,27380,11937950
09/09/2013,27460,9291550
10/09/2013,27920,14717650
11/09/2013,28040,13353000
12/09/2013,28200,21805400
13/09/2013,28120,12281500
16/09/2013,28500,11710700
17/09/2013,27720,17181350
23/09/2013,27200,24362900
24/09/2013,27460,15138900
25/09/2013,27280,11176450
26/09/2013,27440,10374700
27/09/2013,27320,11613250
30/09/2013,27340,11650900
01/10/2013,27640,9773150
02/10/2013,28360,17586350
04/10/2013,28360,15753700
07/10/2013,28720,10228250
08/10/2013,28600,10546000
10/10/2013,28600,13819000
11/10/2013,28860,11254150
14/10/2013,28760,7373700
15/10/2013,29140,10023650
16/10/2013,29000,8010600
17/10/2013,29260,9099350
18/10/2013,29440,7852150
21/10/2013,29280,7126050
22/10/2013,29100,12353250
23/10/2013,28840,8598450
24/10/2013,28980,8915650
25/10/2013,28980,6735300
28/10/2013,29640,11307700
29/10/2013,29800,10334900
30/10/2013,30000,10588400
31/10/2013,29300,12647050
01/11/2013,30000,11357700
04/11/2013,29980,10887800
05/11/2013,29700,8009300
06/11/2013,29020,12218400
07/11/2013,28740,13006800
08/11/2013,28200,13681350
11/11/2013,28560,8563850
12/11/2013,29120,9784900
13/11/2013,28380,9995200
14/11/2013,28480,10132150
15/11/2013,29240,8339250
18/11/2013,29480,6386800
19/11/2013,29780,8183550
20/11/2013,29400,8178150
21/11/2013,28800,9019800
22/11/2013,29000,8574600
25/11/2013,29300,6615300
26/11/2013,29580,8586250
27/11/2013,29400,9351700
28/11/2013,29880,10644900
29/11/2013,29880,6752200
02/12/2013,29340,7487800
03/12/2013,29220,7798600
04/12/2013,28640,10844000
05/12/2013,28800,10479650
06/12/2013,28560,9147450
09/12/2013,29080,6996900
10/12/2013,28800,7755600
11/12/2013,28400,10629150
12/12/2013,28200,14962050
13/12/2013,27800,10053250
16/12/2013,28000,8954400
17/12/2013,27900,7762400
18/12/2013,28020,10899200
19/12/2013,28540,10552400
20/12/2013,28540,8407400
23/12/2013,28660,10639200
24/12/2013,28300,10980350
26/12/2013,28160,12307800
27/12/2013,27920,10510000
30/12/2013,27440,16908100
02/01/2014,26180,31025000
03/01/2014,25920,26496600
06/01/2014,26140,19735800
07/01/2014,26080,19763200
08/01/2014,25820,20474650
09/01/2014,25500,21250950
10/01/2014,25440,18189150
13/01/2014,25900,16449350
14/01/2014,26260,14716650
15/01/2014,25980,11747450
16/01/2014,26020,9752450
17/01/2014,25840,12774250
20/01/2014,26320,8682800
21/01/2014,26480,7562300
22/01/2014,26560,10826500
23/01/2014,25980,10336950
24/01/2014,26140,14001750
27/01/2014,25840,13346300
28/01/2014,25660,11701350
29/01/2014,25600,19181850
03/02/2014,25440,16259200
04/02/2014,24980,16033000
05/02/2014,24740,14926650
06/02/2014,25180,15197450
07/02/2014,25500,9943600
10/02/2014,25540,7799650
11/02/2014,26220,12684000
12/02/2014,26140,10027400
13/02/2014,25960,5838450
14/02/2014,26020,6220750
17/02/2014,25700,9386650
18/02/2014,25900,5910650
19/02/2014,25800,6179750
20/02/2014,25720,9543300
21/02/2014,26600,14346200
24/02/2014,26560,7425050
25/02/2014,26680,8785300
26/02/2014,26840,12918050
27/02/2014,26820,7891350
28/02/2014,26980,14232350
03/03/2014,26500,12104150
04/03/2014,26300,7900150
05/03/2014,26600,7491500
06/03/2014,26520,8616750
07/03/2014,26780,7548650
10/03/2014,26400,8657600
11/03/2014,26440,9079800
12/03/2014,25880,12579250
13/03/2014,25800,11750200
14/03/2014,25500,10836800
17/03/2014,25320,8820000
18/03/2014,25560,11045600
19/03/2014,25380,7638550
20/03/2014,25240,5939400
21/03/2014,25460,8321300
24/03/2014,25460,7073900
25/03/2014,24940,13625000
26/03/2014,25700,17444700
27/03/2014,26660,20877850
28/03/2014,26700,10648700
31/03/2014,26860,13259850
01/04/2014,26780,11081000
02/04/2014,27140,13100050
03/04/2014,27800,19098800
04/04/2014,27600,18400350
07/04/2014,27940,10761750
08/04/2014,27880,10608200
09/04/2014,27420,16061600
10/04/2014,27600,9999200
11/04/2014,27300,10659350
14/04/2014,27400,10586000
15/04/2014,27400,10969800
16/04/2014,27600,9308550
17/04/2014,27400,7241650
18/04/2014,27560,9518350
21/04/2014,27600,3299250
22/04/2014,27500,6084300
23/04/2014,27780,9500750
24/04/2014,28140,10546200
25/04/2014,27980,15269800
28/04/2014,27760,9431450
29/04/2014,27200,10909200
30/04/2014,26860,15047300
02/05/2014,26920,14943350
07/05/2014,26880,14189700
08/05/2014,27000,16281900
09/05/2014,26700,13157050
12/05/2014,27760,15944800
13/05/2014,28000,12107400
14/05/2014,28300,11103750
15/05/2014,28200,6806700
16/05/2014,28560,15856500
19/05/2014,28960,19281050
20/05/2014,29020,16007300
21/05/2014,28820,10842500
22/05/2014,28520,9540000
23/05/2014,28560,8511650
26/05/2014,28440,3735600
27/05/2014,28140,4748400
28/05/2014,28660,9200950
29/05/2014,29200,12521500
30/05/2014,28860,15831050
02/06/2014,29100,7439450
03/06/2014,29400,17234250
05/06/2014,29140,13507050
09/06/2014,28180,22269600
10/06/2014,28720,9214100
11/06/2014,28440,8625750
12/06/2014,28260,12943150
13/06/2014,27340,18589050
16/06/2014,27480,15319950
17/06/2014,27480,13476750
18/06/2014,27160,11044350
19/06/2014,26460,22339700
20/06/2014,26020,23902650
23/06/2014,26440,12488250
24/06/2014,26900,11890850
25/06/2014,26400,10231900
26/06/2014,26500,12765300
27/06/2014,26220,8953050
30/06/2014,26440,8881050
01/07/2014,26200,8725400
02/07/2014,26600,11139250
03/07/2014,26360,8543050
04/07/2014,26120,5978850
07/07/2014,25840,9437050
08/07/2014,25900,12073200
09/07/2014,26160,11829900
10/07/2014,26120,8960200
11/07/2014,25680,10779600
14/07/2014,25720,7082150
15/07/2014,26400,11976050
16/07/2014,26420,9114200
17/07/2014,26600,10922700
18/07/2014,26860,9742650
21/07/2014,27060,8059950
22/07/2014,26960,6300950
23/07/2014,26760,6417300
24/07/2014,27100,8051700
25/07/2014,27100,8790150
28/07/2014,27160,8992550
29/07/2014,27720,12809300
30/07/2014,27900,17359450
31/07/2014,26860,24351350
01/08/2014,25840,28231050
04/08/2014,26340,12066750
05/08/2014,26320,8626450
06/08/2014,26000,10830100
07/08/2014,25800,9527250
08/08/2014,25000,20621450
11/08/2014,25400,18619250
12/08/2014,25320,8995700
13/08/2014,25280,12845000
14/08/2014,25220,10447350
18/08/2014,25000,10518950
19/08/2014,25080,10044400
20/08/2014,25220,9430600
21/08/2014,24700,17105400
22/08/2014,24940,8407650
25/08/2014,24560,11577200
26/08/2014,24440,10719450
27/08/2014,24600,12171000
28/08/2014,24840,10311850
29/08/2014,24680,14558250
01/09/2014,24520,5664050
02/09/2014,23880,15899600
03/09/2014,23780,21238750
04/09/2014,24200,12099950
05/09/2014,24020,10770400
11/09/2014,23840,23309200
12/09/2014,24020,10872350
15/09/2014,24000,7161500
16/09/2014,24120,7092400
17/09/2014,24520,7545750
18/09/2014,24200,9476750
19/09/2014,24200,13435050
22/09/2014,23760,16022100
23/09/2014,23220,19541400
24/09/2014,23000,15789200
25/09/2014,23120,19414500
26/09/2014,23700,12413550
29/09/2014,23900,9401000
30/09/2014,23680,12379300
01/10/2014,23120,11929800
02/10/2014,22820,12732750
06/10/2014,23020,21252900
07/10/2014,23240,10149150
08/10/2014,22600,14720550
10/10/2014,22100,21837450
13/10/2014,22160,11344750
14/10/2014,22540,16572550
15/10/2014,22500,14143600
16/10/2014,22300,15148300
17/10/2014,21780,16281750
20/10/2014,22120,9476750
21/10/2014,21660,11766050
22/10/2014,22080,11127700
23/10/2014,21880,8505900
24/10/2014,22240,8378450
27/10/2014,21900,8388600
28/10/2014,21820,6243850
29/10/2014,22600,13726100
30/10/2014,23620,24566950
31/10/2014,24880,38623150
03/11/2014,24700,13475800
04/11/2014,24340,13000300
05/11/2014,24040,10162150
06/11/2014,24080,8570150
07/11/2014,24120,6030200
10/11/2014,25360,19202900
11/11/2014,24620,12141400
12/11/2014,24600,9079600
13/11/2014,24000,11547150
14/11/2014,23880,10621750
17/11/2014,24100,9693950
18/11/2014,24400,10754700
19/11/2014,24360,12502750
20/11/2014,24200,10024150
21/11/2014,24460,12336350
24/11/2014,24400,10284300
25/11/2014,23800,17811050
26/11/2014,24020,12287900
27/11/2014,25280,44377800
28/11/2014,25740,9844550
01/12/2014,25900,12866850
02/12/2014,25900,9222700
03/12/2014,25960,9735500
04/12/2014,26000,8871350
05/12/2014,26040,5637800
08/12/2014,26380,7916550
09/12/2014,26980,13553100
10/12/2014,26340,15977800
11/12/2014,26100,20490850
12/12/2014,25720,14397250
15/12/2014,25460,14337950
16/12/2014,25580,12894750
17/12/2014,25320,13088650
18/12/2014,25320,11808250
19/12/2014,26560,18356500
22/12/2014,26900,17943850
23/12/2014,26780,10976350
24/12/2014,26860,6257000
26/12/2014,27040,11488100
29/12/2014,26580,9637450
30/12/2014,26540,10649100
02/01/2015,26600,8774950
05/01/2015,26660,10139500
06/01/2015,25900,15235500
07/01/2015,26140,14322750
08/01/2015,26280,14477600
09/01/2015,26280,9312400
12/01/2015,26320,8325400
13/01/2015,26780,12293400
14/01/2015,26900,14332250
15/01/2015,26680,14103900
16/01/2015,26320,13568500
19/01/2015,26860,6672950
20/01/2015,27440,13278050
21/01/2015,27900,16612650
22/01/2015,27560,17957700
23/01/2015,27720,12858750
26/01/2015,27780,10153500
27/01/2015,28000,9957200
28/01/2015,27560,10831500
29/01/2015,27200,13702250
30/01/2015,27300,16110000
02/02/2015,27360,10521000
03/02/2015,27320,5654400
04/02/2015,27180,9328900
05/02/2015,27160,6770400
06/02/2015,27440,8005050
09/02/2015,27900,8693500
10/02/2015,27560,6519350
11/02/2015,27100,9973800
12/02/2015,26880,10748200
13/02/2015,27220,6522900
16/02/2015,27480,6226500
17/02/2015,27540,5745000
23/02/2015,27340,15301800
24/02/2015,27340,10863250
25/02/2015,27580,8374250
26/02/2015,27500,8179150
27/02/2015,27140,13009400
02/03/2015,28460,21805600
03/03/2015,28360,13748800
04/03/2015,28740,11603100
05/03/2015,28440,9615600
06/03/2015,28840,11733500
09/03/2015,28400,7814600
10/03/2015,28420,10419850
11/03/2015,29480,21108650
12/03/2015,28940,19153200
13/03/2015,29140,9413100
16/03/2015,29400,8974550
17/03/2015,29940,13661150
18/03/2015,30060,12464350
19/03/2015,29400,13225800
20/03/2015,29280,12704950
23/03/2015,29340,8122900
24/03/2015,29520,9113150
25/03/2015,29700,9369050
26/03/2015,28420,21005950
27/03/2015,28420,16065800
30/03/2015,28560,8955500
31/03/2015,28820,9842650
01/04/2015,28460,7266050
02/04/2015,28680,6903400
03/04/2015,28680,6270150
06/04/2015,29400,10582600
07/04/2015,29240,9526050
08/04/2015,29580,7773400
09/04/2015,29660,9107550
10/04/2015,29800,9960100
13/04/2015,29580,10293300
14/04/2015,29480,9429750
15/04/2015,28920,13551050
16/04/2015,29540,10762350
17/04/2015,29000,10172300
20/04/2015,28600,12394900
21/04/2015,28880,11852650
22/04/2015,29220,12655550
23/04/2015,29020,9245150
24/04/2015,28200,19089900
27/04/2015,27900,16517150
28/04/2015,27320,15697300
29/04/2015,27700,10895650
30/04/2015,28200,18352850
04/05/2015,28000,8283700
06/05/2015,27240,13270500
07/05/2015,27400,10257400
08/05/2015,26760,9488100
11/05/2015,26720,9640450
12/05/2015,26620,10633200
13/05/2015,26660,9877250
14/05/2015,26800,8488500
15/05/2015,26520,8922350
18/05/2015,26400,9626850
19/05/2015,26760,8680900
20/05/2015,27320,10291450
21/05/2015,27040,7210600
22/05/2015,27000,8195800
26/05/2015,27240,10034150
27/05/2015,26280,17265450
28/05/2015,26180,15048150
29/05/2015,26140,17380750
01/06/2015,25820,10921950
02/06/2015,26060,8757550
03/06/2015,25460,11769400
04/06/2015,26740,19411950
05/06/2015,26820,9828150
08/06/2015,26280,10118950
09/06/2015,25640,13735250
10/06/2015,25240,12501700
11/06/2015,25140,15314050
12/06/2015,25540,11741500
15/06/2015,25400,8067800
16/06/2015,25100,12767600
17/06/2015,25080,9452300
18/06/2015,25300,8247600
19/06/2015,25320,7094750
22/06/2015,25620,6370900
23/06/2015,26420,10159000
24/06/2015,26040,10198000
25/06/2015,25380,10695800
26/06/2015,25560,10347500
29/06/2015,25620,11519950
30/06/2015,25360,9870350
01/07/2015,25900,8324900
02/07/2015,25980,8223000
03/07/2015,25360,7130200
06/07/2015,24600,10099950
07/07/2015,24800,12478250
08/07/2015,24780,11780950
09/07/2015,25300,14030500
10/07/2015,25180,9573400
13/07/2015,25320,7672050
14/07/2015,24500,19989700
15/07/2015,24700,8370650
16/07/2015,25640,11173450
17/07/2015,26100,14861650
20/07/2015,25500,6446400
21/07/2015,25260,9702750
22/07/2015,25060,13416150
23/07/2015,24680,10448250
24/07/2015,24580,9829200
27/07/2015,24600,12152000
28/07/2015,24600,13381350
29/07/2015,25260,13734450
30/07/2015,24300,15419600
31/07/2015,23700,19579450
03/08/2015,23500,9844550
04/08/2015,23640,12844350
05/08/2015,23180,12802500
06/08/2015,22300,20199050
07/08/2015,22720,13787100
10/08/2015,22820,5722500
11/08/2015,23140,11664300
12/08/2015,23080,11154000
13/08/2015,22800,7520550
14/08/2015,22800,0
17/08/2015,22080,11360850
18/08/2015,22620,11583600
19/08/2015,23080,20070750
20/08/2015,22780,10805950
21/08/2015,22020,20442550
24/08/2015,21580,22429600
25/08/2015,21580,19625950
26/08/2015,21340,27947600
27/08/2015,21340,24769400
28/08/2015,21620,23111150
31/08/2015,21780,20415450
01/09/2015,21700,12018600
02/09/2015,21800,15634150
03/09/2015,22440,15200350
04/09/2015,22580,12570650
07/09/2015,22240,9590250
08/09/2015,22620,9116500
09/09/2015,22940,12968800
10/09/2015,22680,18128400
11/09/2015,22300,10208350
14/09/2015,22480,8353650
15/09/2015,22460,11647800
16/09/2015,23040,17188150
17/09/2015,23140,13698000
18/09/2015,23800,21813500
21/09/2015,23000,10267950
22/09/2015,22900,12533750
23/09/2015,22620,9882450
24/09/2015,22520,6636050
25/09/2015,22240,10458000
30/09/2015,22680,22946800
01/10/2015,22680,12052050
02/10/2015,22380,13715100
05/10/2015,22300,12096750
06/10/2015,23020,19149350
07/10/2015,25020,39975100
08/10/2015,25400,28533850
12/10/2015,25200,18948700
13/10/2015,25040,9900000
14/10/2015,25080,8752550
15/10/2015,25380,12425150
16/10/2015,25300,7198400
19/10/2015,25120,5853500
20/10/2015,25320,7517350
21/10/2015,25400,6978350
22/10/2015,25600,11533650
23/10/2015,25780,13153550
26/10/2015,25840,7608250
27/10/2015,25960,6612050
28/10/2015,26160,13565150
29/10/2015,26500,31523550
30/10/2015,27440,25469250
02/11/2015,27660,19327300
03/11/2015,27040,15092000
04/11/2015,26600,14053500
05/11/2015,26840,8652100
06/11/2015,26760,8216100
09/11/2015,26880,9283050
10/11/2015,26420,9877550
11/11/2015,26660,7022450
12/11/2015,26340,7870850
13/11/2015,26000,8883850
16/11/2015,25260,13785250
17/11/2015,25400,9309200
18/11/2015,25620,8386750
19/11/2015,25780,9642500
20/11/2015,25700,8436000
23/11/2015,25640,9941000
24/11/2015,25980,7978000
25/11/2015,25980,7131350
26/11/2015,26700,9290000
27/11/2015,26540,8492700
30/11/2015,25680,26700300
01/12/2015,26420,12605650
02/12/2015,26000,11481400
03/12/2015,25800,8334750
04/12/2015,25380,9635550
07/12/2015,25240,9805350
08/12/2015,25240,6916100
09/12/2015,25260,9090600
10/12/2015,25660,15193350
11/12/2015,25680,10336450
14/12/2015,25220,11140050
15/12/2015,25540,8774700
16/12/2015,25980,10398100
17/12/2015,25800,8733850
18/12/2015,25560,8418450
21/12/2015,25600,8023300
22/12/2015,25840,10309600
23/12/2015,25900,10357400
24/12/2015,25700,7807550
28/12/2015,25320,11361500
29/12/2015,25080,11647200
30/12/2015,25200,10197900
04/01/2016,24100,15346950
05/01/2016,24160,10800100
06/01/2016,23500,18337600
07/01/2016,23260,14119400
08/01/2016,23420,12888150
11/01/2016,23040,12063850
12/01/2016,22920,10314150
13/01/2016,22960,7165800
14/01/2016,22760,10451100
15/01/2016,22640,10473200
18/01/2016,22520,16010700
19/01/2016,23420,10362100
20/01/2016,22760,8352600
21/01/2016,22620,9517600
22/01/2016,23360,7376400
25/01/2016,23240,7995650
26/01/2016,22740,7619950
27/01/2016,23500,13811850
28/01/2016,22900,15795600
29/01/2016,23000,21849150
01/02/2016,23260,12998950
02/02/2016,23120,8317400
03/02/2016,22920,8725350
04/02/2016,23120,12397950
05/02/2016,23280,9404700
11/02/2016,22600,15263100
12/02/2016,22600,12811600
15/02/2016,23080,9157300
16/02/2016,23360,9020050
17/02/2016,23700,12303100
18/02/2016,23740,11124050
19/02/2016,23800,8842600
22/02/2016,23500,8744950
23/02/2016,23620,7383700
24/02/2016,23440,7024200
25/02/2016,23580,6681750
26/02/2016,23440,8867200
29/02/2016,23560,14434000
02/03/2016,23940,11818600
03/03/2016,24400,10949550
04/03/2016,24300,10074500
07/03/2016,24460,6568800
08/03/2016,23840,10810100
09/03/2016,23880,9169000
10/03/2016,24500,14177000
11/03/2016,24980,13361250
14/03/2016,25100,10857700
15/03/2016,25060,8640400
16/03/2016,25120,7342800
17/03/2016,25260,12343450
18/03/2016,25460,11265700
21/03/2016,25340,9058500
22/03/2016,25380,10143600
23/03/2016,25580,9870900
24/03/2016,25640,10939750
25/03/2016,25760,7172300
28/03/2016,25880,6060900
29/03/2016,25800,8622700
30/03/2016,26160,13380250
31/03/2016,26240,19130750
01/04/2016,25580,13557800
04/04/2016,26100,9402300
05/04/2016,25200,11815950
06/04/2016,25700,9211700
07/04/2016,25380,12939750
08/04/2016,24920,12593400
11/04/2016,25320,6034650
12/04/2016,25500,6702700
14/04/2016,26000,16766350
15/04/2016,26000,6829950
18/04/2016,25980,6423700
19/04/2016,25760,7238300
20/04/2016,25980,8598600
21/04/2016,25880,7254450
22/04/2016,25600,5741500
25/04/2016,25620,4597850
26/04/2016,25920,8345050
27/04/2016,26000,8297300
28/04/2016,25300,14653450
29/04/2016,24900,16253900
02/05/2016,25000,7027600
03/05/2016,25220,7903300
04/05/2016,25800,14702750
09/05/2016,25980,13718100
10/05/2016,25920,8559550
11/05/2016,25840,8834400
12/05/2016,25620,7615100
13/05/2016,25060,12284900
16/05/2016,24960,11720150
17/05/2016,25280,9183550
18/05/2016,25360,9169600
19/05/2016,25400,10012450
20/05/2016,25380,7960550
23/05/2016,25720,8112550
24/05/2016,25420,10434600
25/05/2016,25900,11862750
26/05/2016,25920,12653650
27/05/2016,25640,13744550
30/05/2016,25600,10315350
31/05/2016,25840,62527700
01/06/2016,26660,23504000
02/06/2016,27300,23806950
03/06/2016,27540,17066200
07/06/2016,27960,23142150
08/06/2016,28120,18808100
09/06/2016,28600,25768750
10/06/2016,28120,14484050
13/06/2016,27420,15248300
14/06/2016,27600,12273050
15/06/2016,28260,15334450
16/06/2016,28180,14621550
17/06/2016,28520,16419700
20/06/2016,28620,13515800
21/06/2016,28960,10020550
22/06/2016,28900,8948250
23/06/2016,28600,11256300
24/06/2016,28000,20552600
27/06/2016,27960,11839000
28/06/2016,27980,10718950
29/06/2016,27920,10527050
30/06/2016,28500,13671700
01/07/2016,29320,14393600
04/07/2016,29320,7995000
05/07/2016,29380,7870350
06/07/2016,28420,16749150
07/07/2016,29000,11495200
08/07/2016,29200,13498150
11/07/2016,29780,14056800
12/07/2016,29280,11024700
13/07/2016,29620,10009900
14/07/2016,30000,12430250
15/07/2016,30360,11623150
18/07/2016,30660,11567200
19/07/2016,30660,10122250
20/07/2016,30800,7773150
21/07/2016,30860,8544700
22/07/2016,30320,8585150
25/07/2016,30040,7732500
26/07/2016,30600,7228500
27/07/2016,30540,6335050
28/07/2016,30140,9503700
29/07/2016,30780,14985600
01/08/2016,31360,11515400
02/08/2016,30960,8315800
03/08/2016,30340,7504900
04/08/2016,30340,7009950
05/08/2016,31220,6958850
08/08/2016,31380,11125150
09/08/2016,31340,9023200
10/08/2016,30820,12340350
11/08/2016,31180,10533600
12/08/2016,30900,10474850
16/08/2016,31360,10843100
17/08/2016,31320,7446450
18/08/2016,32800,18327050
19/08/2016,33500,16805150
22/08/2016,33300,12612200
23/08/2016,33740,11545700
24/08/2016,33060,15938550
25/08/2016,32780,14173800
26/08/2016,32240,12058000
29/08/2016,32800,8925750
30/08/2016,32900,7849600
31/08/2016,32400,20532200
01/09/2016,31740,18790150
02/09/2016,31940,8153000
05/09/2016,32120,8383800
06/09/2016,32860,7660150
07/09/2016,32420,9591850
08/09/2016,32780,12070850
09/09/2016,31500,13258400
12/09/2016,29300,26499350
13/09/2016,30540,24717250
19/09/2016,31160,22408150
20/09/2016,31700,12921150
21/09/2016,31840,10509050
22/09/2016,32360,11429950
23/09/2016,31420,18299650
26/09/2016,31360,14524800
27/09/2016,31380,9834400
28/09/2016,31340,8706400
29/09/2016,32000,11397550
30/09/2016,31960,11762700
04/10/2016,32280,13053100
05/10/2016,32380,12470450
06/10/2016,33820,29558150
07/10/2016,34120,26050550
10/10/2016,33600,25293300
11/10/2016,30900,38427150
12/10/2016,30700,39088550
13/10/2016,31140,21864550
14/10/2016,31540,14158950
17/10/2016,31800,12785200
18/10/2016,31780,10384500
19/10/2016,32500,15444550
20/10/2016,32400,10330450
21/10/2016,31780,10477500
24/10/2016,32160,9289950
25/10/2016,31940,9866100
26/10/2016,31340,10534000
27/10/2016,31460,14117000
28/10/2016,32280,10214200
31/10/2016,32780,12067200
01/11/2016,33040,10347400
02/11/2016,32860,10099250
03/11/2016,32320,10341850
04/11/2016,32540,7103850
07/11/2016,32800,7661900
08/11/2016,32880,5417450
09/11/2016,31920,15683600
10/11/2016,32980,11795350
11/11/2016,31960,12836800
14/11/2016,31060,15133300
15/11/2016,30780,13665700
16/11/2016,31160,13308200
17/11/2016,31360,7870550
18/11/2016,31720,9460750
21/11/2016,31860,8180200
22/11/2016,32800,9751100
23/11/2016,32980,12668600
24/11/2016,33000,7757150
25/11/2016,33000,6276900
28/11/2016,33540,13294050
29/11/2016,33540,18081300
30/11/2016,34920,28535200
01/12/2016,34980,15535350
02/12/2016,34540,15352950
05/12/2016,34360,8484600
06/12/2016,34960,14001800
07/12/2016,35440,9603650
08/12/2016,35800,16462550
09/12/2016,35600,10652450
12/12/2016,35040,11414450
13/12/2016,35320,11684450
14/12/2016,35540,7455100
15/12/2016,35180,5773550
16/12/2016,35860,11747700
19/12/2016,35900,5435800
20/12/2016,36240,7615200
21/12/2016,36100,6552100
22/12/2016,36180,6354600
23/12/2016,35640,8334850
26/12/2016,35960,4823600
27/12/2016,35980,4653450
28/12/2016,35760,6662900
29/12/2016,36040,7516450
02/01/2017,36100,4650600
03/01/2017,36480,7357650
04/01/2017,36160,7971750
05/01/2017,35560,10967450
06/01/2017,36200,8880950
09/01/2017,37220,13194900
10/01/2017,37240,9099800
11/01/2017,38280,12018150
12/01/2017,38800,11669150
13/01/2017,37460,15954450
16/01/2017,36660,16611500
17/01/2017,36960,8150700
18/01/2017,36940,8875400
19/01/2017,37480,9418900
20/01/2017,37200,9185000
23/01/2017,38060,8810400
24/01/2017,38160,11048750
25/01/2017,39400,13433850
26/01/2017,39900,15214500
31/01/2017,39460,17992200
01/02/2017,39120,14150400
02/02/2017,39360,15029300
03/02/2017,39460,10386350
06/02/2017,39560,8860700
07/02/2017,38820,14041800
08/02/2017,38400,17092950
09/02/2017,38400,13694150
10/02/2017,38360,11020750
13/02/2017,37960,11102050
14/02/2017,37580,13124150
15/02/2017,37720,14191550
16/02/2017,38020,10226350
17/02/2017,37860,15377450
20/02/2017,38660,7485800
21/02/2017,38940,10562600
22/02/2017,39300,8539450
23/02/2017,39180,10217300
24/02/2017,38220,9296850
27/02/2017,38060,9033700
28/02/2017,38440,15088700
02/03/2017,39720,21249800
03/03/2017,39620,12708700
06/03/2017,40080,12234850
07/03/2017,40200,10553250
08/03/2017,40200,12140950
09/03/2017,40200,14372250
10/03/2017,40180,10227800
13/03/2017,40600,7424100
14/03/2017,41360,11325050
15/03/2017,41400,9587850
16/03/2017,41840,9933150
17/03/2017,42400,12602300
20/03/2017,41900,10250050
21/03/2017,42560,14220150
22/03/2017,42460,16427250
23/03/2017,41800,15397100
24/03/2017,41500,12808150
27/03/2017,41200,12177650
28/03/2017,41480,8216250
29/03/2017,41780,10093250
30/03/2017,41980,8204000
31/03/2017,41200,10500300
03/04/2017,41440,9579400
04/04/2017,42080,12255500
05/04/2017,42140,10699700
06/04/2017,41840,9683400
07/04/2017,41600,10021000
10/04/2017,41940,7141350
11/04/2017,41600,7172900
12/04/2017,41900,8274900
13/04/2017,42420,9040800
14/04/2017,42020,5462850
17/04/2017,41560,5224750
18/04/2017,41500,6860650
19/04/2017,40900,11762900
20/04/2017,40280,21148850
21/04/2017,40760,15130500
24/04/2017,41240,8990150
25/04/2017,42700,19299600
26/04/2017,42800,14794800
27/04/2017,43840,23032250
28/04/2017,44620,22685700
02/05/2017,44900,14068300
04/05/2017,45520,13690100
08/05/2017,47020,19582550
10/05/2017,45600,23410950
11/05/2017,45500,21277850
12/05/2017,45820,9422900
15/05/2017,46100,8001400
16/05/2017,46380,8803750
17/05/2017,46340,7424450
18/05/2017,45940,11160350
19/05/2017,44720,15762350
22/05/2017,45100,17643550
23/05/2017,44920,12607050
24/05/2017,44880,8675400
25/05/2017,45680,13044800
26/05/2017,46080,13613650
29/05/2017,45620,8739550
30/05/2017,44640,12433600
31/05/2017,44700,18669100
01/06/2017,44680,9753500
02/06/2017,45960,12488750
05/06/2017,45940,7599400
07/06/2017,45300,13729400
08/06/2017,45160,13978750
09/06/2017,46100,11732850
12/06/2017,45380,10954300
13/06/2017,45400,8624900
14/06/2017,45360,10166700
15/06/2017,45680,9657000
16/06/2017,45580,17403450
19/06/2017,46560,11303900
20/06/2017,48140,15045000
21/06/2017,47480,9973650
22/06/2017,47960,11455800
23/06/2017,47620,9515100
26/06/2017,48280,8552800
27/06/2017,48300,9616750
28/06/2017,47700,9572500
29/06/2017,47940,8306550
30/06/2017,47540,11877550
03/07/2017,47220,6805550
04/07/2017,47000,7961000
05/07/2017,47580,10640250
06/07/2017,48060,10923050
07/07/2017,47860,8131900
10/07/2017,48660,10792750
11/07/2017,49000,9717800
12/07/2017,49880,9486150
13/07/2017,50560,16034150
14/07/2017,50480,8239000
17/07/2017,50640,8976100
18/07/2017,50840,7084450
19/07/2017,50740,11157500
20/07/2017,51200,8367600
21/07/2017,51080,8449050
24/07/2017,50860,7099750
25/07/2017,50000,10810600
26/07/2017,49840,11224800
27/07/2017,49800,11449500
28/07/2017,47760,26168300
31/07/2017,48200,12701400
01/08/2017,48600,11369500
02/08/2017,49000,7777450
03/08/2017,47780,15540800
04/08/2017,47700,8359200
07/08/2017,47580,7218250
08/08/2017,47720,7979600
09/08/2017,46280,14555400
10/08/2017,45900,22986150
11/08/2017,44620,25407300
14/08/2017,45000,19185600
16/08/2017,46200,21913650
17/08/2017,47040,12415850
18/08/2017,46900,10477950
21/08/2017,46840,5103450
22/08/2017,47000,7381750
23/08/2017,47480,9384700
24/08/2017,47520,8657450
25/08/2017,47020,11243550
28/08/2017,46100,9962100
29/08/2017,46080,12623650
30/08/2017,46200,7513000
31/08/2017,46320,11011700
01/09/2017,46480,10641700
04/09/2017,46040,7943500
05/09/2017,46760,11716100
06/09/2017,47000,10811050
07/09/2017,48120,9676500
08/09/2017,49080,10893000
11/09/2017,49800,10374750
12/09/2017,49600,12029750
13/09/2017,49620,9357000
14/09/2017,50300,14204750
15/09/2017,50400,10757300
18/09/2017,52480,11524950
19/09/2017,52120,9850400
20/09/2017,52220,9292750
21/09/2017,52800,8839800
25/09/2017,53620,9303100
26/09/2017,53620,0
27/09/2017,51680,10797000
28/09/2017,51260,12025450
29/09/2017,51280,12909400
10/10/2017,52800,20519800
11/10/2017,54640,13652150
12/10/2017,54800,13890700
13/10/2017,54000,12601650
16/10/2017,53920,9769950
17/10/2017,54800,10607800
18/10/2017,54760,10110750
19/10/2017,52980,12108700
20/10/2017,53840,8027050
23/10/2017,54300,8311050
24/10/2017,54040,5806050
25/10/2017,53900,5882850
26/10/2017,52400,9776550
27/10/2017,53080,7392500
30/10/2017,54040,8196150
31/10/2017,55080,13381550
01/11/2017,57220,14510250
02/11/2017,57060,10721050
03/11/2017,56380,9935800
06/11/2017,56380,9000950
07/11/2017,56100,7464550
08/11/2017,56760,8520200
09/11/2017,56340,11994050
10/11/2017,56400,6748800
13/11/2017,56380,8806650
14/11/2017,55920,6725000
15/11/2017,55340,8816950
16/11/2017,55780,7640700
17/11/2017,55820,10733150
20/11/2017,55200,9472750
21/11/2017,55280,10324700
22/11/2017,55960,7952950
23/11/2017,55300,6272900
24/11/2017,55460,4536200
27/11/2017,52640,18128900
28/11/2017,53280,13499400
29/11/2017,52600,9590250
30/11/2017,50800,29634150
01/12/2017,50840,12868600
04/12/2017,51340,14865050
05/12/2017,51260,9326550
06/12/2017,50020,10889200
07/12/2017,50740,11065600
08/12/2017,52000,11290450
11/12/2017,51780,8125850
12/12/2017,52100,8765050
13/12/2017,51320,11333700
14/12/2017,51060,20310400
15/12/2017,50620,14928550
18/12/2017,51200,7350250
19/12/2017,51560,11978600
21/12/2017,49140,15624300
22/12/2017,49700,11199650
26/12/2017,48200,16039850
27/12/2017,49360,10743600
28/12/2017,50960,8985450
02/01/2018,51020,8474250
03/01/2018,51620,10013500
04/01/2018,51080,11695450
05/01/2018,52120,9481150
08/01/2018,52020,8383650
09/01/2018,50400,18013600
10/01/2018,48840,18566800
11/01/2018,48240,25123800
12/01/2018,48200,27270450
15/01/2018,48540,10096000
16/01/2018,50000,20389650
17/01/2018,49620,11053050
18/01/2018,49900,14848850
19/01/2018,49320,9219950
22/01/2018,48240,12520900
23/01/2018,49160,13532700
24/01/2018,49340,9550500
25/01/2018,50260,11160350
26/01/2018,50780,10350100
29/01/2018,51220,11838800
30/01/2018,49800,12284550
31/01/2018,49900,64681300
01/02/2018,49820,27609450
02/02/2018,47700,29260350
05/02/2018,47920,28357900
06/02/2018,47420,19406450
07/02/2018,45800,23448050
08/02/2018,46000,23251050
09/02/2018,44700,17465000
12/02/2018,45720,15754950
13/02/2018,47540,18923250
14/02/2018,49000,18905900
19/02/2018,48380,15353450
20/02/2018,47400,10122600
21/02/2018,47280,12880200
22/02/2018,46760,8869950
23/02/2018,47220,12423300
26/02/2018,47380,9560650
27/02/2018,47380,9830550
28/02/2018,47060,15162350
02/03/2018,46020,13265500
05/03/2018,45200,14100950
06/03/2018,47020,15423350
07/03/2018,48620,21427050
08/03/2018,49200,19463650
09/03/2018,49740,14304400
12/03/2018,49740,8688950
13/03/2018,51660,20098700
14/03/2018,51760,12713250
15/03/2018,51540,8882450
16/03/2018,51140,12184900
19/03/2018,50740,8218850
20/03/2018,51200,8193250
21/03/2018,51060,8905200
22/03/2018,51780,8454100
23/03/2018,49720,14854950
26/03/2018,50280,10057750
27/03/2018,49980,11874000
28/03/2018,48700,15159450
29/03/2018,49040,10067000
30/03/2018,49220,7777100
02/04/2018,48540,7115650
03/04/2018,48120,12768250
04/04/2018,46920,12384200
05/04/2018,48740,13245600
06/04/2018,48400,12532700
09/04/2018,49200,9950400
10/04/2018,48880,10984350
11/04/2018,48860,10051100
12/04/2018,49000,12466250
13/04/2018,49800,10278300
16/04/2018,50340,7877450
17/04/2018,49980,7772000
18/04/2018,51360,13462600
19/04/2018,52780,17190550
20/04/2018,51620,11761000
23/04/2018,51900,11619000
24/04/2018,50460,15770300
25/04/2018,50400,16614600
26/04/2018,52140,18046550
27/04/2018,53000,30310800
30/04/2018,53000,0
02/05/2018,53000,0
03/05/2018,53000,0
04/05/2018,51900,39565391
08/05/2018,52600,23104720
09/05/2018,50900,16128305
10/05/2018,51600,13905263
11/05/2018,51300,10314997
14/05/2018,50100,14909272
15/05/2018,49200,18709146
16/05/2018,49850,15918683
17/05/2018,49400,10365440
18/05/2018,49500,6706570
21/05/2018,50000,9020998
23/05/2018,51800,17095490
24/05/2018,51400,8289275
25/05/2018,52700,15207266
28/05/2018,52300,9787820
29/05/2018,51300,8480437
30/05/2018,49500,20498098
31/05/2018,50700,63491109
01/06/2018,51300,13038499
04/06/2018,51100,9767171
05/06/2018,51300,9144100
07/06/2018,50600,13590016
08/06/2018,49650,16951706
11/06/2018,49900,10571312
12/06/2018,49400,12110569
14/06/2018,48200,20971729
15/06/2018,47650,17080892
18/06/2018,46600,16661870
19/06/2018,47000,15217971
20/06/2018,47000,12959316
21/06/2018,47050,10015541
22/06/2018,47250,10298006
25/06/2018,46650,10587711
26/06/2018,47000,11223166
27/06/2018,47950,15274752
28/06/2018,46800,12784800
29/06/2018,46650,14099635
02/07/2018,45550,13112253
03/07/2018,46150,10959655
04/07/2018,46250,8776763
05/07/2018,45950,7039773
06/07/2018,44900,17843706
09/07/2018,45600,11602464
10/07/2018,46300,10528665
11/07/2018,46000,11224077
12/07/2018,45500,11828104
13/07/2018,46500,11543389
16/07/2018,46050,7678719
17/07/2018,45850,8892953
18/07/2018,46550,10952645
19/07/2018,46900,9880128
20/07/2018,47450,10474547
23/07/2018,46500,10823782
24/07/2018,46150,8261363
25/07/2018,46150,7222471
26/07/2018,46900,7374946
27/07/2018,46900,4762460
30/07/2018,46500,5723035
31/07/2018,46250,8033607
01/08/2018,46550,7484499
02/08/2018,45550,8560924
03/08/2018,45750,8274944
06/08/2018,45800,6771979
07/08/2018,46700,9058174
08/08/2018,46800,6429338
09/08/2018,46900,12010886
10/08/2018,45400,16670643
13/08/2018,45050,9803831
14/08/2018,45150,6409259
16/08/2018,44250,10088229
17/08/2018,44100,6808747
20/08/2018,43850,7289124
21/08/2018,44800,9520270
22/08/2018,46100,11641656
23/08/2018,46200,6730918
24/08/2018,46150,6582535
27/08/2018,46300,5263782
28/08/2018,46550,7365976
29/08/2018,46800,5572374
30/08/2018,47650,12193231
31/08/2018,48450,13577454
03/09/2018,47450,8595084
04/09/2018,47650,6791255
05/09/2018,46600,9139998
06/09/2018,46100,9040553
07/09/2018,44900,18285508
10/09/2018,45500,9979838
11/09/2018,45050,9865790
12/09/2018,44550,12995269
13/09/2018,44050,18277942
14/09/2018,45850,12446344
17/09/2018,45150,8123384
18/09/2018,45500,9987090
19/09/2018,46150,9367454
20/09/2018,47250,13536966
21/09/2018,47400,14476906
27/09/2018,47500,15804586
28/09/2018,46450,11270515
01/10/2018,46350,6354983
02/10/2018,45700,6607188
04/10/2018,44700,11865327
05/10/2018,44700,10544165
08/10/2018,44950,6759464
10/10/2018,45300,10341349
11/10/2018,43100,19324537
12/10/2018,44000,12640906
15/10/2018,43800,7434522
16/10/2018,43600,6825677
17/10/2018,44150,8306193
18/10/2018,44050,8347725
19/10/2018,43900,7842520
22/10/2018,43550,8357648
23/10/2018,43050,9531231
24/10/2018,42550,13522825
25/10/2018,41000,19338170
26/10/2018,41000,14413864
29/10/2018,41400,14460521
30/10/2018,42350,14205190
31/10/2018,42400,17621480
01/11/2018,42150,13423132
02/11/2018,44150,16517112
05/11/2018,43800,9426777
06/11/2018,43750,7713625
07/11/2018,44000,11553998
08/11/2018,44050,12617397
09/11/2018,44300,7318500
12/11/2018,45200,8552566
13/11/2018,44500,9311126
14/11/2018,44100,6783344
15/11/2018,44250,5864067
16/11/2018,44000,7777124
19/11/2018,43650,7538720
20/11/2018,42800,9420664
21/11/2018,42100,10769589
22/11/2018,42450,5970796
23/11/2018,42400,5192638
26/11/2018,42600,6613009
27/11/2018,43050,8367091
28/11/2018,43150,6943099
29/11/2018,43150,8473511
30/11/2018,41850,19775519
03/12/2018,43250,12110702
04/12/2018,42150,14347746
05/12/2018,41450,12631983
06/12/2018,40500,14251826
07/12/2018,40950,11433083
10/12/2018,40200,14892263
11/12/2018,40250,10638766
12/12/2018,40450,12024279
13/12/2018,40000,26254646
14/12/2018,38950,19671783
17/12/2018,39150,11532968
18/12/2018,38900,11042101
19/12/2018,39100,9942037
20/12/2018,38650,11937617
21/12/2018,38650,14947080
24/12/2018,38800,9729530
26/12/2018,38350,12707675
27/12/2018,38250,10510643
28/12/2018,38700,9900267
02/01/2019,38750,7847664
03/01/2019,37600,12471493
04/01/2019,37450,14108958
07/01/2019,38750,12748997
08/01/2019,38100,12756554
09/01/2019,39600,17452708
10/01/2019,39800,14731699
11/01/2019,40500,11661063
14/01/2019,40050,11984996
15/01/2019,41100,11492756
16/01/2019,41450,8491595
17/01/2019,41950,11736903
18/01/2019,42300,11029256
21/01/2019,42750,11355701
22/01/2019,42150,9964356
23/01/2019,42000,11071079
24/01/2019,43050,14747623
25/01/2019,44750,22789395
28/01/2019,45050,17998914
29/01/2019,45500,16215017
30/01/2019,46400,17505980
31/01/2019,46150,21621145
01/02/2019,46350,13832454
07/02/2019,46200,15872001
08/02/2019,44800,12689196
11/02/2019,45000,11125044
12/02/2019,46050,13184367
13/02/2019,46200,11299738
14/02/2019,47500,17259341
15/02/2019,46050,10554643
18/02/2019,46200,8183728
19/02/2019,45950,6741395
20/02/2019,46900,11506720
21/02/2019,46950,8694009
22/02/2019,47150,6895772
25/02/2019,47350,7484716
26/02/2019,46750,7985547
27/02/2019,46750,8045211
28/02/2019,45100,23569321
04/03/2019,44850,12926539
05/03/2019,44250,10612405
06/03/2019,44000,10202544
07/03/2019,44450,11049749
08/03/2019,43800,7729069
11/03/2019,43650,10717408
12/03/2019,44650,11431977
13/03/2019,43850,8108343
14/03/2019,43850,18039161
15/03/2019,44200,16814163
18/03/2019,43700,8188876
19/03/2019,43900,7609563
20/03/2019,44050,9846242
21/03/2019,45850,21138016
22/03/2019,46550,12535911
25/03/2019,45500,8699728
26/03/2019,45250,9729811
27/03/2019,45350,9568081
28/03/2019,44850,6821306
29/03/2019,44650,11491713
01/04/2019,45050,7362129
02/04/2019,45750,9480688
03/04/2019,46600,12436570
04/04/2019,46950,12650168
05/04/2019,46850,8546339
08/04/2019,46650,8507909
09/04/2019,46650,6878761
10/04/2019,46700,11883995
11/04/2019,46250,13697399
12/04/2019,46850,7668936
15/04/2019,47050,8733019
16/04/2019,47250,7730881
17/04/2019,47050,5513658
18/04/2019,45600,12808747
19/04/2019,45300,8479710
22/04/2019,45350,6006957
23/04/2019,45200,6920566
24/04/2019,44750,13299267
25/04/2019,44650,10868965
26/04/2019,44850,9739982
29/04/2019,46150,8777517
30/04/2019,45850,11121273
02/05/2019,45900,8625126
03/05/2019,45300,6562916
07/05/2019,44850,12014907
08/05/2019,44250,10398754
09/05/2019,42450,23029718
10/05/2019,42900,14579512
13/05/2019,42650,7635079
14/05/2019,42650,11563730
15/05/2019,42550,7670185
16/05/2019,41550,13687828
17/05/2019,41200,13357951
20/05/2019,42000,15752397
21/05/2019,43150,18812133
22/05/2019,43500,11033339
23/05/2019,43850,12259006
24/05/2019,42700,13966305
27/05/2019,42650,8066669
28/05/2019,42550,24506881
29/05/2019,41800,14930618
30/05/2019,42550,11766018
31/05/2019,42500,11365999
03/06/2019,43800,15466580
04/06/2019,43450,9913497
05/06/2019,43900,12464135
07/06/2019,44200,11683682
10/06/2019,44800,8792182
11/06/2019,44850,6664872
12/06/2019,44600,8607439
13/06/2019,43750,16906541
14/06/2019,44000,9322873
17/06/2019,43900,11890424
18/06/2019,44350,7994928
19/06/2019,45350,10417690
20/06/2019,45500,7147785
21/06/2019,45700,9454913
24/06/2019,45500,6085066
25/06/2019,45600,7076774
26/06/2019,45700,9226097
27/06/2019,46500,12603534
28/06/2019,47000,12949231
